Net,Component,Ref.Pin,Pin name
GND,ESP32_TOP_1x15,J1.2,GND
GND,ESP32_BOT_1x15,J2.2,GND
GND,nRF24L01_2x04,J3.1,GND
GND,TP4056_TypeC,M1.4,OUT-
GND,10uF,C1.2,-
GND,100nF,C2.2,-
GND,10uF,C3.2,-
+3V3,ESP32_BOT_1x15,J2.1,3V3
+3V3,nRF24L01_2x04,J3.2,VCC
+3V3,10uF,C1.1,+
+3V3,100nF,C2.1,+
VSYS,ONOFF_12mm,SW1.2,B
VSYS,ESP32_TOP_1x15,J1.1,VIN
VSYS,10uF,C3.1,+
VBAT_SW,TP4056_TypeC,M1.3,OUT+
VBAT_SW,ONOFF_12mm,SW1.1,A
N_BATT_P,BATT_IN,J5.1,BAT+
N_BATT_P,TP4056_TypeC,M1.1,B+
N_BATT_N,BATT_IN,J5.2,BAT-
N_BATT_N,TP4056_TypeC,M1.2,B-
SPI_SCK,ESP32_BOT_1x15,J2.9,D18
SPI_SCK,nRF24L01_2x04,J3.5,SCK
SPI_MISO,ESP32_BOT_1x15,J2.10,D19
SPI_MISO,nRF24L01_2x04,J3.7,MISO
SPI_MOSI,ESP32_BOT_1x15,J2.15,D23
SPI_MOSI,nRF24L01_2x04,J3.6,MOSI
NRF_CE,ESP32_BOT_1x15,J2.5,D4
NRF_CE,nRF24L01_2x04,J3.3,CE
NRF_CSN,ESP32_BOT_1x15,J2.8,D5
NRF_CSN,nRF24L01_2x04,J3.4,CSN
NRF_IRQ,ESP32_BOT_1x15,J2.6,D16
NRF_IRQ,nRF24L01_2x04,J3.8,IRQ
